,date,user type,unique page views
3,2020-03-01,Subscriber - Piano,30
4,2020-03-01,Subscriber - Quadrant,130
8,2020-03-02,Subscriber - Piano,9478
9,2020-03-02,Subscriber - Quadrant,42708
14,2020-03-03,Subscriber - Piano,9287
15,2020-03-03,Subscriber - Quadrant,42316
20,2020-03-04,Subscriber - Piano,9009
21,2020-03-04,Subscriber - Quadrant,45295
26,2020-03-05,Subscriber - Piano,11120
27,2020-03-05,Subscriber - Quadrant,52239
32,2020-03-06,Subscriber - Piano,8174
33,2020-03-06,Subscriber - Quadrant,36022
38,2020-03-07,Subscriber - Piano,7900
39,2020-03-07,Subscriber - Quadrant,33081
44,2020-03-08,Subscriber - Piano,6414
45,2020-03-08,Subscriber - Quadrant,26747
50,2020-03-09,Subscriber - Piano,10377
51,2020-03-09,Subscriber - Quadrant,48600
56,2020-03-10,Subscriber - Piano,9588
57,2020-03-10,Subscriber - Quadrant,45416
62,2020-03-11,Subscriber - Piano,10495
63,2020-03-11,Subscriber - Quadrant,49472
68,2020-03-12,Subscriber - Piano,13469
69,2020-03-12,Subscriber - Quadrant,62126
74,2020-03-13,Subscriber - Piano,43697
75,2020-03-13,Subscriber - Quadrant,11748
80,2020-03-14,Subscriber - Piano,52324
81,2020-03-14,Subscriber - Quadrant,30
86,2020-03-15,Subscriber - Piano,42608
87,2020-03-15,Subscriber - Quadrant,3
92,2020-03-16,Subscriber - Piano,55796
93,2020-03-16,Subscriber - Quadrant,24
98,2020-03-17,Subscriber - Piano,59393
99,2020-03-17,Subscriber - Quadrant,51
104,2020-03-18,Subscriber - Piano,60690
105,2020-03-18,Subscriber - Quadrant,76
110,2020-03-19,Subscriber - Piano,85276
111,2020-03-19,Subscriber - Quadrant,112
116,2020-03-20,Subscriber - Piano,69079
117,2020-03-20,Subscriber - Quadrant,136
122,2020-03-21,Subscriber - Piano,66878
123,2020-03-21,Subscriber - Quadrant,162
128,2020-03-22,Subscriber - Piano,57091
129,2020-03-22,Subscriber - Quadrant,81
134,2020-03-23,Subscriber - Piano,82459
135,2020-03-23,Subscriber - Quadrant,100
140,2020-03-24,Subscriber - Piano,77309
141,2020-03-24,Subscriber - Quadrant,34
146,2020-03-25,Subscriber - Piano,70057
147,2020-03-25,Subscriber - Quadrant,27
152,2020-03-26,Subscriber - Piano,93183
153,2020-03-26,Subscriber - Quadrant,59
158,2020-03-27,Subscriber - Piano,75285
159,2020-03-27,Subscriber - Quadrant,53
164,2020-03-28,Subscriber - Piano,74776
165,2020-03-28,Subscriber - Quadrant,57
170,2020-03-29,Subscriber - Piano,54788
171,2020-03-29,Subscriber - Quadrant,40
176,2020-03-30,Subscriber - Piano,76804
177,2020-03-30,Subscriber - Quadrant,34
182,2020-03-31,Subscriber - Piano,72620
183,2020-03-31,Subscriber - Quadrant,31
188,2020-04-01,Subscriber - Piano,69115
189,2020-04-01,Subscriber - Quadrant,7
195,2020-04-02,Subscriber - Piano,89838
196,2020-04-02,Subscriber - Quadrant,29
201,2020-04-03,Subscriber - Piano,71119
202,2020-04-03,Subscriber - Quadrant,23
207,2020-04-04,Subscriber - Piano,67034
208,2020-04-04,Subscriber - Quadrant,32
213,2020-04-05,Subscriber - Piano,64259
214,2020-04-05,Subscriber - Quadrant,29
219,2020-04-06,Subscriber - Piano,86542
220,2020-04-06,Subscriber - Quadrant,24
225,2020-04-07,Subscriber - Piano,76722
226,2020-04-07,Subscriber - Quadrant,13
231,2020-04-08,Subscriber - Piano,69048
232,2020-04-08,Subscriber - Quadrant,7
237,2020-04-09,Subscriber - Piano,78331
238,2020-04-09,Subscriber - Quadrant,31
243,2020-04-10,Subscriber - Piano,64064
244,2020-04-10,Subscriber - Quadrant,18
249,2020-04-11,Subscriber - Piano,64900
250,2020-04-11,Subscriber - Quadrant,20
255,2020-04-12,Subscriber - Piano,54456
256,2020-04-12,Subscriber - Quadrant,7
261,2020-04-13,Subscriber - Piano,57624
262,2020-04-13,Subscriber - Quadrant,7
267,2020-04-14,Subscriber - Piano,60361
268,2020-04-14,Subscriber - Quadrant,13
273,2020-04-15,Subscriber - Piano,65790
274,2020-04-15,Subscriber - Quadrant,19
279,2020-04-16,Subscriber - Piano,95214
280,2020-04-16,Subscriber - Quadrant,15
285,2020-04-17,Subscriber - Piano,75598
286,2020-04-17,Subscriber - Quadrant,19
291,2020-04-18,Subscriber - Piano,67157
292,2020-04-18,Subscriber - Quadrant,6
297,2020-04-19,Subscriber - Piano,50858
298,2020-04-19,Subscriber - Quadrant,9
303,2020-04-20,Subscriber - Piano,76592
304,2020-04-20,Subscriber - Quadrant,9
309,2020-04-21,Subscriber - Piano,74322
310,2020-04-21,Subscriber - Quadrant,16
315,2020-04-22,Subscriber - Piano,67647
316,2020-04-22,Subscriber - Quadrant,7
321,2020-04-23,Subscriber - Piano,84323
322,2020-04-23,Subscriber - Quadrant,23
327,2020-04-24,Subscriber - Piano,66897
328,2020-04-24,Subscriber - Quadrant,9
333,2020-04-25,Subscriber - Piano,68973
334,2020-04-25,Subscriber - Quadrant,11
339,2020-04-26,Subscriber - Piano,52353
340,2020-04-26,Subscriber - Quadrant,10
345,2020-04-27,Subscriber - Piano,69002
346,2020-04-27,Subscriber - Quadrant,7
351,2020-04-28,Subscriber - Piano,70738
352,2020-04-28,Subscriber - Quadrant,5
357,2020-04-29,Subscriber - Piano,77777
358,2020-04-29,Subscriber - Quadrant,9
363,2020-04-30,Subscriber - Piano,98505
364,2020-04-30,Subscriber - Quadrant,25
369,2020-05-01,Subscriber - Piano,68682
370,2020-05-01,Subscriber - Quadrant,7
375,2020-05-02,Subscriber - Piano,67294
376,2020-05-02,Subscriber - Quadrant,8
381,2020-05-03,Subscriber - Piano,51580
382,2020-05-03,Subscriber - Quadrant,7
387,2020-05-04,Subscriber - Piano,63935
388,2020-05-04,Subscriber - Quadrant,4
393,2020-05-05,Subscriber - Piano,69346
394,2020-05-05,Subscriber - Quadrant,2
399,2020-05-06,Subscriber - Piano,73843
400,2020-05-06,Subscriber - Quadrant,7
405,2020-05-07,Subscriber - Piano,86571
406,2020-05-07,Subscriber - Quadrant,15
411,2020-05-08,Subscriber - Piano,73478
412,2020-05-08,Subscriber - Quadrant,7
417,2020-05-09,Subscriber - Piano,69230
418,2020-05-09,Subscriber - Quadrant,16
423,2020-05-10,Subscriber - Piano,57458
424,2020-05-10,Subscriber - Quadrant,10
429,2020-05-11,Subscriber - Piano,68059
430,2020-05-11,Subscriber - Quadrant,7
435,2020-05-12,Subscriber - Piano,68558
436,2020-05-12,Subscriber - Quadrant,10
441,2020-05-13,Subscriber - Piano,65220
442,2020-05-13,Subscriber - Quadrant,13
447,2020-05-14,Subscriber - Piano,80992
448,2020-05-14,Subscriber - Quadrant,4
453,2020-05-15,Subscriber - Piano,70389
454,2020-05-15,Subscriber - Quadrant,6
459,2020-05-16,Subscriber - Piano,62946
460,2020-05-16,Subscriber - Quadrant,11
465,2020-05-17,Subscriber - Piano,47022
466,2020-05-17,Subscriber - Quadrant,7
471,2020-05-18,Subscriber - Piano,64490
472,2020-05-18,Subscriber - Quadrant,7
477,2020-05-19,Subscriber - Piano,65528
478,2020-05-19,Subscriber - Quadrant,9
483,2020-05-20,Subscriber - Piano,65936
484,2020-05-20,Subscriber - Quadrant,8
489,2020-05-21,Subscriber - Piano,92847
490,2020-05-21,Subscriber - Quadrant,10
495,2020-05-22,Subscriber - Piano,73400
496,2020-05-22,Subscriber - Quadrant,5
501,2020-05-23,Subscriber - Piano,85429
502,2020-05-23,Subscriber - Quadrant,14
507,2020-05-24,Subscriber - Piano,72792
508,2020-05-24,Subscriber - Quadrant,8
513,2020-05-25,Subscriber - Piano,88203
514,2020-05-25,Subscriber - Quadrant,11
519,2020-05-26,Subscriber - Piano,102101
520,2020-05-26,Subscriber - Quadrant,4
525,2020-05-27,Subscriber - Piano,84783
526,2020-05-27,Subscriber - Quadrant,7
531,2020-05-28,Subscriber - Piano,117299
532,2020-05-28,Subscriber - Quadrant,11
537,2020-05-29,Subscriber - Piano,86261
538,2020-05-29,Subscriber - Quadrant,8
543,2020-05-30,Subscriber - Piano,80795
544,2020-05-30,Subscriber - Quadrant,17
549,2020-05-31,Subscriber - Piano,59194
550,2020-05-31,Subscriber - Quadrant,8
555,2020-06-01,Subscriber - Piano,76662
556,2020-06-01,Subscriber - Quadrant,2
561,2020-06-02,Subscriber - Piano,92404
562,2020-06-02,Subscriber - Quadrant,26
567,2020-06-03,Subscriber - Piano,82115
568,2020-06-03,Subscriber - Quadrant,3
573,2020-06-04,Subscriber - Piano,111371
574,2020-06-04,Subscriber - Quadrant,2
579,2020-06-05,Subscriber - Piano,90108
580,2020-06-05,Subscriber - Quadrant,2
585,2020-06-06,Subscriber - Piano,88143
586,2020-06-06,Subscriber - Quadrant,4
591,2020-06-07,Subscriber - Piano,71525
592,2020-06-07,Subscriber - Quadrant,1
597,2020-06-08,Subscriber - Piano,94683
598,2020-06-08,Subscriber - Quadrant,3
603,2020-06-09,Subscriber - Piano,86826
604,2020-06-09,Subscriber - Quadrant,5
609,2020-06-10,Subscriber - Piano,89625
610,2020-06-10,Subscriber - Quadrant,6
615,2020-06-11,Subscriber - Piano,119081
616,2020-06-11,Subscriber - Quadrant,3
621,2020-06-12,Subscriber - Piano,88372
622,2020-06-12,Subscriber - Quadrant,1
627,2020-06-13,Subscriber - Piano,78562
628,2020-06-13,Subscriber - Quadrant,9
633,2020-06-14,Subscriber - Piano,62340
634,2020-06-14,Subscriber - Quadrant,2
639,2020-06-15,Subscriber - Piano,81242
640,2020-06-15,Subscriber - Quadrant,2
645,2020-06-16,Subscriber - Piano,85689
646,2020-06-16,Subscriber - Quadrant,2
651,2020-06-17,Subscriber - Piano,85730
652,2020-06-17,Subscriber - Quadrant,3
657,2020-06-18,Subscriber - Piano,123518
658,2020-06-18,Subscriber - Quadrant,11
663,2020-06-19,Subscriber - Piano,84456
664,2020-06-19,Subscriber - Quadrant,5
669,2020-06-20,Subscriber - Piano,70768
670,2020-06-20,Subscriber - Quadrant,2
675,2020-06-21,Subscriber - Piano,54794
676,2020-06-21,Subscriber - Quadrant,2
681,2020-06-22,Subscriber - Piano,72689
682,2020-06-22,Subscriber - Quadrant,3
687,2020-06-23,Subscriber - Piano,89325
688,2020-06-23,Subscriber - Quadrant,14
693,2020-06-24,Subscriber - Piano,76100
694,2020-06-24,Subscriber - Quadrant,2
699,2020-06-25,Subscriber - Piano,111017
700,2020-06-25,Subscriber - Quadrant,2
705,2020-06-26,Subscriber - Piano,84705
710,2020-06-27,Subscriber - Piano,88799
711,2020-06-27,Subscriber - Quadrant,9
716,2020-06-28,Subscriber - Piano,62621
717,2020-06-28,Subscriber - Quadrant,3
722,2020-06-29,Subscriber - Piano,89562
723,2020-06-29,Subscriber - Quadrant,2
728,2020-06-30,Subscriber - Piano,85684
729,2020-06-30,Subscriber - Quadrant,4
734,2020-07-01,Subscriber - Piano,85708
735,2020-07-01,Subscriber - Quadrant,3
740,2020-07-02,Subscriber - Piano,112183
741,2020-07-02,Subscriber - Quadrant,1
746,2020-07-03,Subscriber - Piano,86412
751,2020-07-04,Subscriber - Piano,83415
752,2020-07-04,Subscriber - Quadrant,6
757,2020-07-05,Subscriber - Piano,59069
758,2020-07-05,Subscriber - Quadrant,2
763,2020-07-06,Subscriber - Piano,77059
764,2020-07-06,Subscriber - Quadrant,2
769,2020-07-07,Subscriber - Piano,73846
770,2020-07-07,Subscriber - Quadrant,4
775,2020-07-08,Subscriber - Piano,69494
776,2020-07-08,Subscriber - Quadrant,2
781,2020-07-09,Subscriber - Piano,101361
782,2020-07-09,Subscriber - Quadrant,2
787,2020-07-10,Subscriber - Piano,70036
788,2020-07-10,Subscriber - Quadrant,2
793,2020-07-11,Subscriber - Piano,62929
794,2020-07-11,Subscriber - Quadrant,5
799,2020-07-12,Subscriber - Piano,51750
800,2020-07-12,Subscriber - Quadrant,3
805,2020-07-13,Subscriber - Piano,68930
806,2020-07-13,Subscriber - Quadrant,2
811,2020-07-14,Subscriber - Piano,78807
812,2020-07-14,Subscriber - Quadrant,5
817,2020-07-15,Subscriber - Piano,84702
818,2020-07-15,Subscriber - Quadrant,2
823,2020-07-16,Subscriber - Piano,105069
824,2020-07-16,Subscriber - Quadrant,2
829,2020-07-17,Subscriber - Piano,71633
830,2020-07-17,Subscriber - Quadrant,5
835,2020-07-18,Subscriber - Piano,60718
836,2020-07-18,Subscriber - Quadrant,1
841,2020-07-19,Subscriber - Piano,49625
846,2020-07-20,Subscriber - Piano,75465
847,2020-07-20,Subscriber - Quadrant,2
852,2020-07-21,Subscriber - Piano,71611
857,2020-07-22,Subscriber - Piano,61457
862,2020-07-23,Subscriber - Piano,91997
863,2020-07-23,Subscriber - Quadrant,3
868,2020-07-24,Subscriber - Piano,73896
873,2020-07-25,Subscriber - Piano,59625
874,2020-07-25,Subscriber - Quadrant,1
879,2020-07-26,Subscriber - Piano,49828
880,2020-07-26,Subscriber - Quadrant,1
885,2020-07-27,Subscriber - Piano,75174
886,2020-07-27,Subscriber - Quadrant,1
891,2020-07-28,Subscriber - Piano,71333
892,2020-07-28,Subscriber - Quadrant,2
897,2020-07-29,Subscriber - Piano,66407
898,2020-07-29,Subscriber - Quadrant,2
903,2020-07-30,Subscriber - Piano,92636
904,2020-07-30,Subscriber - Quadrant,1
909,2020-07-31,Subscriber - Piano,66738
910,2020-07-31,Subscriber - Quadrant,1
915,2020-08-01,Subscriber - Piano,53753
920,2020-08-02,Subscriber - Piano,42701
921,2020-08-02,Subscriber - Quadrant,1
926,2020-08-03,Subscriber - Piano,67666
927,2020-08-03,Subscriber - Quadrant,5
932,2020-08-04,Subscriber - Piano,65893
933,2020-08-04,Subscriber - Quadrant,1
938,2020-08-05,Subscriber - Piano,68137
939,2020-08-05,Subscriber - Quadrant,2
944,2020-08-06,Subscriber - Piano,90284
945,2020-08-06,Subscriber - Quadrant,2
950,2020-08-07,Subscriber - Piano,67636
955,2020-08-08,Subscriber - Piano,59018
956,2020-08-08,Subscriber - Quadrant,2
961,2020-08-09,Subscriber - Piano,51302
966,2020-08-10,Subscriber - Piano,65477
971,2020-08-11,Subscriber - Piano,66779
972,2020-08-11,Subscriber - Quadrant,2
977,2020-08-12,Subscriber - Piano,74980
978,2020-08-12,Subscriber - Quadrant,1
983,2020-08-13,Subscriber - Piano,43078
984,2020-08-13,Subscriber - Quadrant,4
989,2020-08-14,Subscriber - Piano,71300
990,2020-08-14,Subscriber - Quadrant,1
995,2020-08-15,Subscriber - Piano,63996
996,2020-08-15,Subscriber - Quadrant,1
1001,2020-08-16,Subscriber - Piano,54010
1002,2020-08-16,Subscriber - Quadrant,1
1007,2020-08-17,Subscriber - Piano,63688
1008,2020-08-17,Subscriber - Quadrant,1
1013,2020-08-18,Subscriber - Piano,59032
1018,2020-08-19,Subscriber - Piano,65966
1023,2020-08-20,Subscriber - Piano,99179
1024,2020-08-20,Subscriber - Quadrant,5
1029,2020-08-21,Subscriber - Piano,71116
1030,2020-08-21,Subscriber - Quadrant,3
1035,2020-08-22,Subscriber - Piano,65808
1036,2020-08-22,Subscriber - Quadrant,2
1041,2020-08-23,Subscriber - Piano,50732
1042,2020-08-23,Subscriber - Quadrant,1
1047,2020-08-24,Subscriber - Piano,62589
1048,2020-08-24,Subscriber - Quadrant,2
1053,2020-08-25,Subscriber - Piano,84688
1054,2020-08-25,Subscriber - Quadrant,3
1059,2020-08-26,Subscriber - Piano,73168
1060,2020-08-26,Subscriber - Quadrant,1
1065,2020-08-27,Subscriber - Piano,97092
1066,2020-08-27,Subscriber - Quadrant,3
1071,2020-08-28,Subscriber - Piano,71654
1076,2020-08-29,Subscriber - Piano,61720
1081,2020-08-30,Subscriber - Piano,50726
1086,2020-08-31,Subscriber - Piano,57754
1091,2020-09-01,Subscriber - Piano,64703
1092,2020-09-01,Subscriber - Quadrant,1
1097,2020-09-02,Subscriber - Piano,70467
1102,2020-09-03,Subscriber - Piano,102817
1103,2020-09-03,Subscriber - Quadrant,2
1108,2020-09-04,Subscriber - Piano,82161
1109,2020-09-04,Subscriber - Quadrant,1
1114,2020-09-05,Subscriber - Piano,76103
1115,2020-09-05,Subscriber - Quadrant,1
1120,2020-09-06,Subscriber - Piano,57067
1125,2020-09-07,Subscriber - Piano,82284
1130,2020-09-08,Subscriber - Piano,83613
1131,2020-09-08,Subscriber - Quadrant,1
1136,2020-09-09,Subscriber - Piano,79992
1141,2020-09-10,Subscriber - Piano,101769
1142,2020-09-10,Subscriber - Quadrant,3
1147,2020-09-11,Subscriber - Piano,80535
1148,2020-09-11,Subscriber - Quadrant,1
1153,2020-09-12,Subscriber - Piano,64672
1158,2020-09-13,Subscriber - Piano,57769
1159,2020-09-13,Subscriber - Quadrant,2
1164,2020-09-14,Subscriber - Piano,79424
1169,2020-09-15,Subscriber - Piano,85035
1174,2020-09-16,Subscriber - Piano,87375
1179,2020-09-17,Subscriber - Piano,114542
1180,2020-09-17,Subscriber - Quadrant,1
1185,2020-09-18,Subscriber - Piano,87742
1186,2020-09-18,Subscriber - Quadrant,1
1191,2020-09-19,Subscriber - Piano,81727
1196,2020-09-20,Subscriber - Piano,67664
1201,2020-09-21,Subscriber - Piano,101848
1206,2020-09-22,Subscriber - Piano,101422
1211,2020-09-23,Subscriber - Piano,96034
1216,2020-09-24,Subscriber - Piano,119770
1221,2020-09-25,Subscriber - Piano,90802
1222,2020-09-25,Subscriber - Quadrant,2
1227,2020-09-26,Subscriber - Piano,70008
1228,2020-09-26,Subscriber - Quadrant,1
1233,2020-09-27,Subscriber - Piano,64088
1234,2020-09-27,Subscriber - Quadrant,2
1239,2020-09-28,Subscriber - Piano,96534
1240,2020-09-28,Subscriber - Quadrant,1
1245,2020-09-29,Subscriber - Piano,78132
1250,2020-09-30,Subscriber - Piano,92821
1251,2020-09-30,Subscriber - Quadrant,1
1256,2020-10-01,Subscriber - Piano,117268
1257,2020-10-01,Subscriber - Quadrant,1
1262,2020-10-02,Subscriber - Piano,98106
1267,2020-10-03,Subscriber - Piano,85834
1268,2020-10-03,Subscriber - Quadrant,1
1273,2020-10-04,Subscriber - Piano,65471
1278,2020-10-05,Subscriber - Piano,84348
1279,2020-10-05,Subscriber - Quadrant,1
1284,2020-10-06,Subscriber - Piano,78770
1289,2020-10-07,Subscriber - Piano,80768
1294,2020-10-08,Subscriber - Piano,105556
1299,2020-10-09,Subscriber - Piano,77077
1304,2020-10-10,Subscriber - Piano,63698
1309,2020-10-11,Subscriber - Piano,53383
1314,2020-10-12,Subscriber - Piano,87356
1319,2020-10-13,Subscriber - Piano,111619
1324,2020-10-14,Subscriber - Piano,97219
1329,2020-10-15,Subscriber - Piano,117859
1330,2020-10-15,Subscriber - Quadrant,1
1335,2020-10-16,Subscriber - Piano,85417
1340,2020-10-17,Subscriber - Piano,76737
1341,2020-10-17,Subscriber - Quadrant,1
1346,2020-10-18,Subscriber - Piano,61919
1347,2020-10-18,Subscriber - Quadrant,4
1352,2020-10-19,Subscriber - Piano,85622
1357,2020-10-20,Subscriber - Piano,96233
1358,2020-10-20,Subscriber - Quadrant,1
1363,2020-10-21,Subscriber - Piano,79992
1368,2020-10-22,Subscriber - Piano,109522
1373,2020-10-23,Subscriber - Piano,78660
1378,2020-10-24,Subscriber - Piano,71442
1379,2020-10-24,Subscriber - Quadrant,1
1384,2020-10-25,Subscriber - Piano,56409
1389,2020-10-26,Subscriber - Piano,74323
1394,2020-10-27,Subscriber - Piano,87352
1399,2020-10-28,Subscriber - Piano,80925
1404,2020-10-29,Subscriber - Piano,123725
1409,2020-10-30,Subscriber - Piano,84470
1410,2020-10-30,Subscriber - Quadrant,1
1415,2020-10-31,Subscriber - Piano,94573
1420,2020-11-01,Subscriber - Piano,85691
1425,2020-11-02,Subscriber - Piano,92795
1430,2020-11-03,Subscriber - Piano,92842
1431,2020-11-03,Subscriber - Quadrant,1
1436,2020-11-04,Subscriber - Piano,96917
1441,2020-11-05,Subscriber - Piano,120271
1446,2020-11-06,Subscriber - Piano,90625
1451,2020-11-07,Subscriber - Piano,81139
1456,2020-11-08,Subscriber - Piano,66336
1461,2020-11-09,Subscriber - Piano,92939
1462,2020-11-09,Subscriber - Quadrant,1
1467,2020-11-10,Subscriber - Piano,90675
1468,2020-11-10,Subscriber - Quadrant,1
1473,2020-11-11,Subscriber - Piano,92889
1478,2020-11-12,Subscriber - Piano,116007
1483,2020-11-13,Subscriber - Piano,98366
1488,2020-11-14,Subscriber - Piano,82235
1493,2020-11-15,Subscriber - Piano,72027
1498,2020-11-16,Subscriber - Piano,89999
1503,2020-11-17,Subscriber - Piano,89261
1508,2020-11-18,Subscriber - Piano,84065
1513,2020-11-19,Subscriber - Piano,115732
1518,2020-11-20,Subscriber - Piano,85053
1523,2020-11-21,Subscriber - Piano,67335
1524,2020-11-21,Subscriber - Quadrant,1
1529,2020-11-22,Subscriber - Piano,57930
1534,2020-11-23,Subscriber - Piano,76706
1539,2020-11-24,Subscriber - Piano,83612
1544,2020-11-25,Subscriber - Piano,83208
1549,2020-11-26,Subscriber - Piano,106432
1554,2020-11-27,Subscriber - Piano,93609
1559,2020-11-28,Subscriber - Piano,80980
1564,2020-11-29,Subscriber - Piano,60764
1569,2020-11-30,Subscriber - Piano,83475
1574,2020-12-01,Subscriber - Piano,82503
1579,2020-12-02,Subscriber - Piano,77266
1584,2020-12-03,Subscriber - Piano,99047
1589,2020-12-04,Subscriber - Piano,72950
1594,2020-12-05,Subscriber - Piano,67451
1599,2020-12-06,Subscriber - Piano,52982
1604,2020-12-07,Subscriber - Piano,71409
1609,2020-12-08,Subscriber - Piano,90373
1614,2020-12-09,Subscriber - Piano,92580
1619,2020-12-10,Subscriber - Piano,111120
1624,2020-12-11,Subscriber - Piano,89842
1629,2020-12-12,Subscriber - Piano,70290
1634,2020-12-13,Subscriber - Piano,62423
1639,2020-12-14,Subscriber - Piano,80833
1644,2020-12-15,Subscriber - Piano,86159
1649,2020-12-16,Subscriber - Piano,81089
1654,2020-12-17,Subscriber - Piano,103905
1659,2020-12-18,Subscriber - Piano,85397
1664,2020-12-19,Subscriber - Piano,80208
1669,2020-12-20,Subscriber - Piano,64681
1674,2020-12-21,Subscriber - Piano,95019
1679,2020-12-22,Subscriber - Piano,84505
1684,2020-12-23,Subscriber - Piano,86986
1689,2020-12-24,Subscriber - Piano,106163
1694,2020-12-25,Subscriber - Piano,58912
1699,2020-12-26,Subscriber - Piano,90641
1704,2020-12-27,Subscriber - Piano,73602
1709,2020-12-28,Subscriber - Piano,83626
1714,2020-12-29,Subscriber - Piano,90421
1719,2020-12-30,Subscriber - Piano,95307
1724,2020-12-31,Subscriber - Piano,81889
1729,2021-01-01,Subscriber - Piano,77165
1734,2021-01-02,Subscriber - Piano,89701
1739,2021-01-03,Subscriber - Piano,74446
1744,2021-01-04,Subscriber - Piano,89321
1749,2021-01-05,Subscriber - Piano,108221
1750,2021-01-05,Subscriber - Quadrant,1
1755,2021-01-06,Subscriber - Piano,90746
1760,2021-01-07,Subscriber - Piano,128640
1765,2021-01-08,Subscriber - Piano,95678
1770,2021-01-09,Subscriber - Piano,103713
1775,2021-01-10,Subscriber - Piano,68227
1780,2021-01-11,Subscriber - Piano,92799
1785,2021-01-12,Subscriber - Piano,94757
1790,2021-01-13,Subscriber - Piano,108056
1795,2021-01-14,Subscriber - Piano,117881
1800,2021-01-15,Subscriber - Piano,35039
1805,2021-01-16,Subscriber - Piano,1777
1810,2021-01-17,Subscriber - Piano,792
1815,2021-01-18,Subscriber - Piano,719
1820,2021-01-19,Subscriber - Piano,53665
1825,2021-01-20,Subscriber - Piano,100638
1826,2021-01-20,Subscriber - Quadrant,8
1831,2021-01-21,Subscriber - Piano,125966
1836,2021-01-22,Subscriber - Piano,91407
1837,2021-01-22,Subscriber - Quadrant,4
1842,2021-01-23,Subscriber - Piano,84997
1847,2021-01-24,Subscriber - Piano,74839
1852,2021-01-25,Subscriber - Piano,93523
1857,2021-01-26,Subscriber - Piano,108431
1862,2021-01-27,Subscriber - Piano,107015
1867,2021-01-28,Subscriber - Piano,136998
1872,2021-01-29,Subscriber - Piano,132350
1877,2021-01-30,Subscriber - Piano,114781
1882,2021-01-31,Subscriber - Piano,84088
1887,2021-02-01,Subscriber - Piano,121997
1892,2021-02-02,Subscriber - Piano,113539
1897,2021-02-03,Subscriber - Piano,108687
1902,2021-02-04,Subscriber - Piano,134634
1907,2021-02-05,Subscriber - Piano,110876
1912,2021-02-06,Subscriber - Piano,97270
1917,2021-02-07,Subscriber - Piano,74930
1922,2021-02-08,Subscriber - Piano,100805
1927,2021-02-09,Subscriber - Piano,98448
1932,2021-02-10,Subscriber - Piano,102322
1937,2021-02-11,Subscriber - Piano,136986
1942,2021-02-12,Subscriber - Piano,113400
1947,2021-02-13,Subscriber - Piano,91841
1952,2021-02-14,Subscriber - Piano,77960
1957,2021-02-15,Subscriber - Piano,118610
1962,2021-02-16,Subscriber - Piano,112366
1967,2021-02-17,Subscriber - Piano,107601
1972,2021-02-18,Subscriber - Piano,133830
1977,2021-02-19,Subscriber - Piano,103516
1982,2021-02-20,Subscriber - Piano,91286
1987,2021-02-21,Subscriber - Piano,77683
1992,2021-02-22,Subscriber - Piano,104160
1997,2021-02-23,Subscriber - Piano,105149
2002,2021-02-24,Subscriber - Piano,103731
2007,2021-02-25,Subscriber - Piano,125545
2012,2021-02-26,Subscriber - Piano,101806
2017,2021-02-27,Subscriber - Piano,93138
2022,2021-02-28,Subscriber - Piano,71807
2027,2021-03-01,Subscriber - Piano,107665
2032,2021-03-02,Subscriber - Piano,129629
2037,2021-03-03,Subscriber - Piano,135003
2042,2021-03-04,Subscriber - Piano,146061
2047,2021-03-05,Subscriber - Piano,109112
2052,2021-03-06,Subscriber - Piano,94035
2057,2021-03-07,Subscriber - Piano,81789
2062,2021-03-08,Subscriber - Piano,148539
2067,2021-03-09,Subscriber - Piano,140145
2072,2021-03-10,Subscriber - Piano,138745
2077,2021-03-11,Subscriber - Piano,176410
2082,2021-03-12,Subscriber - Piano,126786
2087,2021-03-13,Subscriber - Piano,107888
2092,2021-03-14,Subscriber - Piano,113886
2097,2021-03-15,Subscriber - Piano,119044
2102,2021-03-16,Subscriber - Piano,121994
2107,2021-03-17,Subscriber - Piano,142336
2112,2021-03-18,Subscriber - Piano,101341
2113,2021-03-18,Subscriber - Quadrant,84433
2118,2021-03-19,Subscriber - Piano,48864
2119,2021-03-19,Subscriber - Quadrant,65185
2124,2021-03-20,Subscriber - Piano,49917
2125,2021-03-20,Subscriber - Quadrant,62109
2130,2021-03-21,Subscriber - Piano,41153
2131,2021-03-21,Subscriber - Quadrant,51184
2136,2021-03-22,Subscriber - Piano,60420
2137,2021-03-22,Subscriber - Quadrant,85623
2142,2021-03-23,Subscriber - Piano,54856
2143,2021-03-23,Subscriber - Quadrant,78599
2148,2021-03-24,Subscriber - Piano,54194
2149,2021-03-24,Subscriber - Quadrant,75199
2154,2021-03-25,Subscriber - Piano,68932
2155,2021-03-25,Subscriber - Quadrant,98395
2160,2021-03-26,Subscriber - Piano,60859
2161,2021-03-26,Subscriber - Quadrant,83799
2166,2021-03-27,Subscriber - Piano,49085
2167,2021-03-27,Subscriber - Quadrant,63285
2172,2021-03-28,Subscriber - Piano,39602
2173,2021-03-28,Subscriber - Quadrant,48346
2178,2021-03-29,Subscriber - Piano,48178
2179,2021-03-29,Subscriber - Quadrant,69295
2184,2021-03-30,Subscriber - Piano,47915
2185,2021-03-30,Subscriber - Quadrant,68425
2190,2021-03-31,Subscriber - Piano,50084
2191,2021-03-31,Subscriber - Quadrant,70611
2196,2021-04-01,Subscriber - Piano,54451
2197,2021-04-01,Subscriber - Quadrant,74897
2202,2021-04-02,Subscriber - Piano,39641
2203,2021-04-02,Subscriber - Quadrant,50399
2208,2021-04-03,Subscriber - Piano,42844
2209,2021-04-03,Subscriber - Quadrant,54104
2214,2021-04-04,Subscriber - Piano,37670
2215,2021-04-04,Subscriber - Quadrant,46490
2220,2021-04-05,Subscriber - Piano,43690
2221,2021-04-05,Subscriber - Quadrant,58246
2226,2021-04-06,Subscriber - Piano,47785
2227,2021-04-06,Subscriber - Quadrant,69482
2232,2021-04-07,Subscriber - Piano,51995
2233,2021-04-07,Subscriber - Quadrant,73961
2238,2021-04-08,Subscriber - Piano,61588
2239,2021-04-08,Subscriber - Quadrant,89113
2244,2021-04-09,Subscriber - Piano,51513
2245,2021-04-09,Subscriber - Quadrant,74189
2250,2021-04-10,Subscriber - Piano,42803
2251,2021-04-10,Subscriber - Quadrant,56084
2256,2021-04-11,Subscriber - Piano,42087
2257,2021-04-11,Subscriber - Quadrant,54812
2262,2021-04-12,Subscriber - Piano,44355
2263,2021-04-12,Subscriber - Quadrant,63331
2268,2021-04-13,Subscriber - Piano,47534
2269,2021-04-13,Subscriber - Quadrant,68028
2274,2021-04-14,Subscriber - Piano,49121
2275,2021-04-14,Subscriber - Quadrant,69769
2280,2021-04-15,Subscriber - Piano,59241
2281,2021-04-15,Subscriber - Quadrant,85842
2286,2021-04-16,Subscriber - Piano,51410
2287,2021-04-16,Subscriber - Quadrant,71159
2292,2021-04-17,Subscriber - Piano,40845
2293,2021-04-17,Subscriber - Quadrant,54700
2298,2021-04-18,Subscriber - Piano,32430
2299,2021-04-18,Subscriber - Quadrant,42008
2304,2021-04-19,Subscriber - Piano,45242
2305,2021-04-19,Subscriber - Quadrant,65976
2311,2021-04-20,Subscriber - Piano,46095
2312,2021-04-20,Subscriber - Quadrant,66754
2318,2021-04-21,Subscriber - Piano,47517
2319,2021-04-21,Subscriber - Quadrant,70819
2325,2021-04-22,Subscriber - Piano,54442
2326,2021-04-22,Subscriber - Quadrant,79144
2332,2021-04-23,Subscriber - Piano,44053
2333,2021-04-23,Subscriber - Quadrant,64261
2339,2021-04-24,Subscriber - Piano,40069
2340,2021-04-24,Subscriber - Quadrant,53272
2346,2021-04-25,Subscriber - Piano,34654
2347,2021-04-25,Subscriber - Quadrant,45037
2353,2021-04-26,Subscriber - Piano,48967
2354,2021-04-26,Subscriber - Quadrant,68254
2360,2021-04-27,Subscriber - Piano,46517
2361,2021-04-27,Subscriber - Quadrant,65387
2367,2021-04-28,Subscriber - Piano,50182
2368,2021-04-28,Subscriber - Quadrant,68938
2374,2021-04-29,Subscriber - Piano,59378
2375,2021-04-29,Subscriber - Quadrant,82373
2381,2021-04-30,Subscriber - Piano,45127
2382,2021-04-30,Subscriber - Quadrant,57906
2388,2021-05-01,Subscriber - Piano,37187
2389,2021-05-01,Subscriber - Quadrant,43963
2395,2021-05-02,Subscriber - Piano,35595
2396,2021-05-02,Subscriber - Quadrant,41850
2402,2021-05-03,Subscriber - Piano,35819
2403,2021-05-03,Subscriber - Quadrant,42609
2409,2021-05-04,Subscriber - Piano,41124
2410,2021-05-04,Subscriber - Quadrant,54629
2416,2021-05-05,Subscriber - Piano,47008
2417,2021-05-05,Subscriber - Quadrant,66490
2423,2021-05-06,Subscriber - Piano,56662
2424,2021-05-06,Subscriber - Quadrant,79795
2430,2021-05-07,Subscriber - Piano,50491
2431,2021-05-07,Subscriber - Quadrant,72330
2437,2021-05-08,Subscriber - Piano,47496
2438,2021-05-08,Subscriber - Quadrant,60567
2444,2021-05-09,Subscriber - Piano,45174
2445,2021-05-09,Subscriber - Quadrant,57257
2451,2021-05-10,Subscriber - Piano,51708
2452,2021-05-10,Subscriber - Quadrant,72471
2458,2021-05-11,Subscriber - Piano,48019
2459,2021-05-11,Subscriber - Quadrant,67772
2465,2021-05-12,Subscriber - Piano,44638
2466,2021-05-12,Subscriber - Quadrant,61723
2472,2021-05-13,Subscriber - Piano,58499
2473,2021-05-13,Subscriber - Quadrant,82159
2479,2021-05-14,Subscriber - Piano,45557
2480,2021-05-14,Subscriber - Quadrant,60783
2486,2021-05-15,Subscriber - Piano,42401
2487,2021-05-15,Subscriber - Quadrant,52674
2493,2021-05-16,Subscriber - Piano,35425
2494,2021-05-16,Subscriber - Quadrant,44065
2500,2021-05-17,Subscriber - Piano,43689
2501,2021-05-17,Subscriber - Quadrant,58812
2507,2021-05-18,Subscriber - Piano,44505
2508,2021-05-18,Subscriber - Quadrant,59977
2514,2021-05-19,Subscriber - Piano,47111
2515,2021-05-19,Subscriber - Quadrant,65137
2521,2021-05-20,Subscriber - Piano,62738
2522,2021-05-20,Subscriber - Quadrant,79938
2528,2021-05-21,Subscriber - Piano,51933
2529,2021-05-21,Subscriber - Quadrant,63700
2535,2021-05-22,Subscriber - Piano,43446
2536,2021-05-22,Subscriber - Quadrant,49873
2542,2021-05-23,Subscriber - Piano,43594
2543,2021-05-23,Subscriber - Quadrant,52113
2549,2021-05-24,Subscriber - Piano,50377
2550,2021-05-24,Subscriber - Quadrant,66814
2556,2021-05-25,Subscriber - Piano,45917
2557,2021-05-25,Subscriber - Quadrant,58439
2563,2021-05-26,Subscriber - Piano,49859
2564,2021-05-26,Subscriber - Quadrant,65468
2570,2021-05-27,Subscriber - Piano,60938
2571,2021-05-27,Subscriber - Quadrant,79616
2577,2021-05-28,Subscriber - Piano,45957
2578,2021-05-28,Subscriber - Quadrant,57303
2584,2021-05-29,Subscriber - Piano,40213
2585,2021-05-29,Subscriber - Quadrant,45330
2591,2021-05-30,Subscriber - Piano,33306
2592,2021-05-30,Subscriber - Quadrant,37494
2598,2021-05-31,Subscriber - Piano,35128
2599,2021-05-31,Subscriber - Quadrant,39955
2605,2021-06-01,Subscriber - Piano,42466
2606,2021-06-01,Subscriber - Quadrant,54480
2612,2021-06-02,Subscriber - Piano,45528
2613,2021-06-02,Subscriber - Quadrant,55918
2619,2021-06-03,Subscriber - Piano,56154
2620,2021-06-03,Subscriber - Quadrant,71130
2626,2021-06-04,Subscriber - Piano,43705
2627,2021-06-04,Subscriber - Quadrant,52876
2633,2021-06-05,Subscriber - Piano,38516
2634,2021-06-05,Subscriber - Quadrant,43393
2640,2021-06-06,Subscriber - Piano,36615
2641,2021-06-06,Subscriber - Quadrant,41442
2647,2021-06-07,Subscriber - Piano,43581
2648,2021-06-07,Subscriber - Quadrant,55401
2654,2021-06-08,Subscriber - Piano,46350
2655,2021-06-08,Subscriber - Quadrant,58645
2661,2021-06-09,Subscriber - Piano,43207
2662,2021-06-09,Subscriber - Quadrant,52974
2668,2021-06-10,Subscriber - Piano,58017
2669,2021-06-10,Subscriber - Quadrant,74743
2675,2021-06-11,Subscriber - Piano,44651
2676,2021-06-11,Subscriber - Quadrant,55314
2682,2021-06-12,Subscriber - Piano,41071
2683,2021-06-12,Subscriber - Quadrant,46490
2688,2021-06-13,Subscriber - Piano,35643
2689,2021-06-13,Subscriber - Quadrant,40956
2695,2021-06-14,Subscriber - Piano,47884
2696,2021-06-14,Subscriber - Quadrant,61146
2702,2021-06-15,Subscriber - Piano,43983
2703,2021-06-15,Subscriber - Quadrant,56207
2709,2021-06-16,Subscriber - Piano,47718
2710,2021-06-16,Subscriber - Quadrant,59976
2716,2021-06-17,Subscriber - Piano,57614
2717,2021-06-17,Subscriber - Quadrant,74748
2723,2021-06-18,Subscriber - Piano,47899
2724,2021-06-18,Subscriber - Quadrant,62323
2730,2021-06-19,Subscriber - Piano,40036
2731,2021-06-19,Subscriber - Quadrant,46009
2737,2021-06-20,Subscriber - Piano,35943
2738,2021-06-20,Subscriber - Quadrant,41489
2744,2021-06-21,Subscriber - Piano,10674
2745,2021-06-21,Subscriber - Quadrant,12031
